[

    {
        "Name":"שווארמה אמיר",
        "location":{
            "lat":32.793150646324136,
            "lng":35.038147046029685
        },
        "City":"חיפה",
        "area":"חיפה והקריות",
        "Website":"#",
        "Phone":"#",
        "Address":"שדרות ההסתדרות 56, חיפה",
        "Type":"שווארמה",
        "Menu":[
            {
                "Name":"שווארמה בפיתה",
                "Type":"שווארמה",
                "Tags":["Shawarma","שווארמה","פיתה"],
                "Price":33,
                "Images":
                    {
                           "Small":{
                               "url":"",
                               "width":"",
                               "height":""
                           },
                           "Normal":{
                            "url":"",
                            "width":"",
                            "height":""
                           },
                           "Large":{
                            "url":"",
                            "width":"",
                            "height":""
                           }
                       },
                "Review":[
                    {
                        "Rank":5,
                        "Comment":"שווארמה טעימה"
                    },
                    {
                        "Rank":3,
                        "Comment":"לא משו"
                    },
                    {
                        "Rank":2,
                        "Comment":"מגעילה השווארמה"
                    },
                    {
                        "Rank":1,
                        "Comment":"לא מתקרב לשם יותר בחיים"
                    },
                    {
                        "Rank":5,
                        "Comment":"מספר 1 בארץ!"
                    }
                ]
            }
            ]
            },
    {
        "Name":"ויוינו",
        "location":{
            "lat":32.786784,
            "lng":34.998534
        },
        "City":"חיפה",
        "area":"חיפה והקריות",
        "Website":"http://vivino.co.il",
        "Phone":"",
        "Address":"Elizabeth Square,1,חיפה",
        "Type":"איטלקית",
        "Menu":[
            {
                "Name":"ניוקי פילה עגל",
                "Type":"Pasta",
                "Tags":["פילה עגל", "ניוקי", "בשר"],
                "info":"ניוקי בעבודת יד עם נתחי פילה עגל, דלעת מקורמלת, ערמונים, פטריות ירדן צלויות וקייל, ברוטב יין אדום, ציר בקר והדרים, עם קריספי מרווה ופרמז׳ן מעל",
                "Price":82,
                "Images":
                    {
                           "Small":{
                               "url":"",
                               "width":"",
                               "height":""
                           },
                           "Normal":{
                            "url":"",
                            "width":"",
                            "height":""
                           },
                           "Large":{
                            "url":"",
                            "width":"",
                            "height":""
                           }
                       },
                "Review":[
                    {
                        "Rank":5,
                        "Comment":"ממש ממש טעים"
                    },
                    {
                        "Rank":5,
                        "Comment":"המנה הכי טעימה שיש"
                    },
                    {
                        "Rank":4,
                        "Comment":"אין על הניוקי של ויוינו"
                    },
                    {
                        "Rank":3,
                        "Comment":"נחמד, לא עפתי.."
                    },
                    {
                        "Rank":5,
                        "Comment":"וואו! פשוט וואו"
                    }
                ]
            },
            {
                "Name":"רביולי ארטישוק ירושלמי",
                "Type":"פסטה",
                "Tags":["רביולי","פסטה","pasta","צמחוני"],
                "info":"רביולי במילוי ארטישוק ירושלמי, ריקוטה ושקדים, בטטה, ברוקולי, עירית קצוצה ופרמז׳ן, ברוטב קרם ארטישוק וערמונים",
                "Price":74,
                "Images":
                       {
                            "Small":{
                                "url":"",
                                "width":"",
                                "height":""
                            },
                            "Normal":{
                             "url":"",
                             "width":"",
                             "height":""
                            },
                            "Large":{
                             "url":"",
                             "width":"",
                             "height":""
                            }
                        },
                "Review":[
                    {
                        "Rank":5,
                        "Comment":"הרביולי הכי טעים שאכלתי"
                    },
                    {
                        "Rank":4,
                        "Comment":"הארטישוק משתלב מצויין"
                    },
                    {
                        "Rank":4,
                        "Comment":"רביולי הכי טעים שיש לויוינו"
                    },
                    {
                        "Rank":3,
                        "Comment":"נחמד, לא יותר מזה"
                    },
                    {
                        "Rank":4,
                        "Comment":"מומלץ בחום!!"
                    }
                ]
            }
        ]
    },
    {
        "Name":"איטליאנו דה לה קוסטה",
        "location":{
            "lat":32.831408,
            "lng":34.970489
        },
        "City":"חיפה",
        "area":"חיפה והקריות",
        "Website":"#",
        "Phone":"#",
        "Address":"בת גלים, חיפה",
        "Type":"איטלקית",
        "Menu":[
            {
                "Name":"פפרוני עגל",
                "Type":"פיצה",
                "Tags":["Pizza","פיצה","לא כשר","פפרוני"],
                "info":"קרם חלפיניו, מוצרלה, בצל סגול צלוי ופרמז׳ן",
                "Price":73,
                "Images":
                    {
                           "Small":{
                               "url":"",
                               "width":"",
                               "height":""
                           },
                           "Normal":{
                            "url":"",
                            "width":"",
                            "height":""
                           },
                           "Large":{
                            "url":"",
                            "width":"",
                            "height":""
                           }
                       },
                "Review":[
                    {
                        "Rank":5,
                        "Comment":"פיצה ממש טעימה"
                    },
                    {
                        "Rank":5,
                        "Comment":"אין על המסעדה הזאת"
                    },
                    {
                        "Rank":5,
                        "Comment":"הפיצה הכי טעימה שאכלתי"
                    },
                    {
                        "Rank":4,
                        "Comment":"פיצה ממש טעימה"
                    },
                    {
                        "Rank":4,
                        "Comment":"הפפרוני משתלב ממש טוב בפיצה, מומלץ בחום לאכול שם!"
                    }
                ]
            },
            {
                "Name":"פילה עגל",
                "Type":"עיקרית",
                "Tags":["פילה עגל","פילה","סטייק","עגל","בשר"],
                "info":"קרם ארטישוק ירושלמי, טורטליני בטטה, ציר עגל ובצל ירוק",
                "Price":149,
                "Images":
                        {
                                "Small":{
                                    "url":"",
                                    "width":"",
                                    "height":""
                                },
                                "Normal":{
                                 "url":"",
                                 "width":"",
                                 "height":""
                                },
                                "Large":{
                                 "url":"",
                                 "width":"",
                                 "height":""
                                }
                            },
                "Review":[
                    {
                        "Rank":4,
                        "Comment":"ממליץ בחום, מנה טעימה"
                    },
                    {
                        "Rank":4,
                        "Comment":"שווה כל שקל"
                    },
                    {
                        "Rank":3,
                        "Comment":"מנה יחסית יקרה, לא ממליץ"
                    },
                    {
                        "Rank":4,
                        "Comment":"טעים מאוד, אחלה של פילה"
                    },
                    {
                        "Rank":2,
                        "Comment":"לא טעים, ממש יקר ביחס למה שמקבלים"
                    }
                ]
            },
            {
                "Name":"רביולי שרימפס",
                "Type":"Pasta",
                "Tags":["איטלקי","פסטה","לא כשר","שרימפס","רביולי"],
                "info":"רביולי שחור במילוי שרימפס וריקוטה, רוטב ביסק ועירית",
                "Price":89,
                "Images":
                            {
                                "Small":{
                                    "url":"",
                                    "width":"",
                                    "height":""
                                },
                                "Normal":{
                                 "url":"",
                                 "width":"",
                                 "height":""
                                },
                                "Large":{
                                 "url":"",
                                 "width":"",
                                 "height":""
                                }
                            },
                "Review":[
                    {
                        "Rank":4,
                        "Comment":"ממליץ בחום, מנה טעימה"
                    },
                    {
                        "Rank":4,
                        "Comment":"שווה כל שקל"
                    },
                    {
                        "Rank":3,
                        "Comment":"מנה יחסית יקרה, לא ממליץ"
                    },
                    {
                        "Rank":4,
                        "Comment":"טעים מאוד, אחלה של פילה"
                    },
                    {
                        "Rank":2,
                        "Comment":"לא טעים, ממש יקר ביחס למה שמקבלים"
                    }
                ]
            }
        ]
    },
    {
        "Name":"לימוזין",
        "area":"הגליל התחתון והעמקים",
        "location":{
            "lat":32.708918,
            "lng":35.173548
        },
        "City":"רמת ישי",
        "Website":"#",
        "Phone":"",
        "Address":"חורש האלונים 14, רמת ישי",
        "Type":"בשר",
        "Menu":[
            {
                "Name":"סטייק אנטריקוט 350 גרם",
                "Type":"עיקרית",
                "Tags":["בשר","סטייק","אנטיקוט"],
                "info":"",
                "Price":134,
                "Images":
                        {
                                "Small":{
                                    "url":"",
                                    "width":"",
                                    "height":""
                                },
                                "Normal":{
                                 "url":"",
                                 "width":"",
                                 "height":""
                                },
                                "Large":{
                                 "url":"",
                                 "width":"",
                                 "height":""
                                }
                             },
                "Review":[
                    {
                        "Rank":5,
                        "Comment":"ממליץ בחום, מנה טעימה"
                    },
                    {
                        "Rank":4,
                        "Comment":"שווה כל שקל"
                    },
                    {
                        "Rank":5,
                        "Comment":"מנה יחסית יקרה, לא ממליץ"
                    },
                    {
                        "Rank":4,
                        "Comment":"טעים מאוד, אחלה של אנטריקוט"
                    },
                    {
                        "Rank":3,
                        "Comment":"לא טעים, ממש יקר ביחס למה שמקבלים"
                    }
                ]
            },
            {
                "Name":"שניצל עגל וינאי",
                "Type":"בשר",
                "Tags":["שניצל","עגל","בקר"],
                "info":"",
                "Price":88,
                "Images":
                            {
                                "Small":{
                                    "url":"",
                                    "width":"",
                                    "height":""
                                },
                                "Normal":{
                                 "url":"",
                                 "width":"",
                                 "height":""
                                },
                                "Large":{
                                 "url":"",
                                 "width":"",
                                 "height":""
                                }
                             },
                "Review":[
                    {
                        "Rank":4,
                        "Comment":"ממליץ בחום, מנה טעימה"
                    },
                    {
                        "Rank":4,
                        "Comment":"שווה כל שקל"
                    },
                    {
                        "Rank":5,
                        "Comment":"מנה יחסית יקרה, לא ממליץ"
                    },
                    {
                        "Rank":4,
                        "Comment":"טעים מאוד, אחלה של שניצל"
                    },
                    {
                        "Rank":5,
                        "Comment":"שניצל ממש טעים"
                    }
                ]
            }
        ]
    }
]